Job Role,Job Title,Student Qualification,Student Skills,Job Description
Business Analyst,System Analyst,Diploma in Software Engineering,"Node.js, C#, Excel",Bridges business needs with technical implementation and processes.
Business Analyst,IT Business Analyst,Diploma in Software Engineering,"Excel, Docker, HTML",Bridges business needs with technical implementation and processes.
Business Analyst,IT Business Analyst,BSc in Computer Science,"Excel, Docker, HTML",Bridges business needs with technical implementation and processes.
Business Analyst,System Analyst,BSc in Computer Science,"Node.js, Power BI, SQL",Bridges business needs with technical implementation and processes.
Business Analyst,System Analyst,Diploma in Software Engineering,"Java, C#, Angular",Bridges business needs with technical implementation and processes.
Business Analyst,IT Business Analyst,BSc in Computer Science,"Node.js, JavaScript, React",Bridges business needs with technical implementation and processes.
Business Analyst,IT Business Analyst,BEng in Computer Engineering,"AWS, Python, HTML",Bridges business needs with technical implementation and processes.
Business Analyst,IT Business Analyst,Diploma in Software Engineering,"Node.js, JavaScript, React",Bridges business needs with technical implementation and processes.
Business Analyst,System Analyst,Diploma in Software Engineering,"SQL, Python, CSS",Bridges business needs with technical implementation and processes.
Business Analyst,IT Business Analyst,BEng in Computer Engineering,"AWS, Python, HTML",Bridges business needs with technical implementation and processes.
Business Analyst,System Analyst,Diploma in Software Engineering,"Java, C#, Angular",Bridges business needs with technical implementation and processes.
Business Analyst,System Analyst,BSc in Computer Science,"Java, Docker, Linux",Bridges business needs with technical implementation and processes.
Business Analyst,System Analyst,BEng in Computer Engineering,"Node.js, C#, Excel",Bridges business needs with technical implementation and processes.
Business Analyst,System Analyst,BSc in Information Systems,"Java, Docker, Linux",Bridges business needs with technical implementation and processes.
Business Analyst,System Analyst,BEng in Computer Engineering,"Docker, C#, HTML",Bridges business needs with technical implementation and processes.
Business Analyst,IT Business Analyst,BSc in Information Systems,"Kubernetes, C#, Angular",Bridges business needs with technical implementation and processes.
Business Analyst,IT Business Analyst,HND in IT,"Java, Docker, Power BI",Bridges business needs with technical implementation and processes.
Business Analyst,IT Business Analyst,BEng in Computer Engineering,"Angular, JavaScript, Node.js",Bridges business needs with technical implementation and processes.
Business Analyst,IT Business Analyst,BSc in Computer Science,"Python, Node.js, Java, Angular",Bridges business needs with technical implementation and processes.
Business Analyst,IT Business Analyst,HND in IT,"Angular, JavaScript, Node.js",Bridges business needs with technical implementation and processes.
Business Analyst,IT Business Analyst,Diploma in Software Engineering,"C#, JavaScript, Java",Bridges business needs with technical implementation and processes.
Business Analyst,System Analyst,BSc in Computer Science,"Python, React, C#",Bridges business needs with technical implementation and processes.
Business Analyst,IT Business Analyst,BEng in Computer Engineering,"C#, JavaScript, Java",Bridges business needs with technical implementation and processes.
Business Analyst,IT Business Analyst,Diploma in Software Engineering,"Python, Node.js, Java, Angular",Bridges business needs with technical implementation and processes.
Business Analyst,IT Business Analyst,Diploma in Software Engineering,"Linux, Python, React",Bridges business needs with technical implementation and processes.
Business Analyst,IT Business Analyst,Diploma in Software Engineering,"Java, HTML, SQL",Bridges business needs with technical implementation and processes.
Business Analyst,IT Business Analyst,BSc in Information Systems,"Linux, Python, React",Bridges business needs with technical implementation and processes.
Business Analyst,System Analyst,Diploma in Software Engineering,"Docker, C#, HTML",Bridges business needs with technical implementation and processes.
Business Analyst,IT Business Analyst,BEng in Computer Engineering,"Java, HTML, SQL",Bridges business needs with technical implementation and processes.
Business Analyst,System Analyst,BEng in Computer Engineering,"Node.js, Power BI, SQL",Bridges business needs with technical implementation and processes.
Business Analyst,System Analyst,Diploma in Software Engineering,"Python, React, C#",Bridges business needs with technical implementation and processes.
Business Analyst,System Analyst,BEng in Computer Engineering,"SQL, Python, CSS",Bridges business needs with technical implementation and processes.
Business Analyst,IT Business Analyst,BSc in Computer Science,"Kubernetes, C#, Angular",Bridges business needs with technical implementation and processes.
Business Analyst,IT Business Analyst,BEng in Computer Engineering,"Java, Docker, Power BI",Bridges business needs with technical implementation and processes.
Cybersecurity Analyst,Information Security Analyst,Diploma in Software Engineering,"HTML, Power BI, Java, Node.js",Monitors systems for vulnerabilities and implements security measures.
Cybersecurity Analyst,SOC Analyst,Diploma in Software Engineering,"Docker, CSS, Excel",Monitors systems for vulnerabilities and implements security measures.
Cybersecurity Analyst,SOC Analyst,BSc in Information Systems,"Docker, Angular, JavaScript, Node.js",Monitors systems for vulnerabilities and implements security measures.
Cybersecurity Analyst,SOC Analyst,BEng in Computer Engineering,"HTML, Python, C#",Monitors systems for vulnerabilities and implements security measures.
Cybersecurity Analyst,Information Security Analyst,BSc in Information Systems,"C#, Python, JavaScript",Monitors systems for vulnerabilities and implements security measures.
Cybersecurity Analyst,Information Security Analyst,BSc in Information Systems,"Angular, Kubernetes, Python",Monitors systems for vulnerabilities and implements security measures.
Cybersecurity Analyst,SOC Analyst,Diploma in Software Engineering,"Linux, Java, Python",Monitors systems for vulnerabilities and implements security measures.
Cybersecurity Analyst,SOC Analyst,BSc in Information Systems,"SQL, React, CSS",Monitors systems for vulnerabilities and implements security measures.
Cybersecurity Analyst,SOC Analyst,HND in IT,"Python, Kubernetes, Power BI",Monitors systems for vulnerabilities and implements security measures.
Cybersecurity Analyst,Information Security Analyst,Diploma in Software Engineering,"Docker, React, SQL",Monitors systems for vulnerabilities and implements security measures.
Cybersecurity Analyst,SOC Analyst,HND in IT,"Docker, CSS, Excel",Monitors systems for vulnerabilities and implements security measures.
Cybersecurity Analyst,SOC Analyst,Diploma in Software Engineering,"Excel, AWS, Kubernetes",Monitors systems for vulnerabilities and implements security measures.
Cybersecurity Analyst,Information Security Analyst,Diploma in Software Engineering,"C#, Python, JavaScript",Monitors systems for vulnerabilities and implements security measures.
Cybersecurity Analyst,Information Security Analyst,BEng in Computer Engineering,"Excel, AWS, Linux",Monitors systems for vulnerabilities and implements security measures.
Cybersecurity Analyst,SOC Analyst,BEng in Computer Engineering,"SQL, React, CSS",Monitors systems for vulnerabilities and implements security measures.
Cybersecurity Analyst,SOC Analyst,HND in IT,"JavaScript, SQL, Power BI",Monitors systems for vulnerabilities and implements security measures.
Cybersecurity Analyst,SOC Analyst,BSc in Information Systems,"Python, Kubernetes, Power BI",Monitors systems for vulnerabilities and implements security measures.
Cybersecurity Analyst,Information Security Analyst,BSc in Information Systems,"HTML, Power BI, Java, Node.js",Monitors systems for vulnerabilities and implements security measures.
Cybersecurity Analyst,SOC Analyst,BSc in Information Systems,"JavaScript, C#, AWS",Monitors systems for vulnerabilities and implements security measures.
Cybersecurity Analyst,SOC Analyst,HND in IT,"Excel, AWS, Kubernetes",Monitors systems for vulnerabilities and implements security measures.
Cybersecurity Analyst,Information Security Analyst,BEng in Computer Engineering,"Docker, JavaScript, Python",Monitors systems for vulnerabilities and implements security measures.
Cybersecurity Analyst,SOC Analyst,Diploma in Software Engineering,"HTML, Python, C#",Monitors systems for vulnerabilities and implements security measures.
Cybersecurity Analyst,SOC Analyst,BSc in Information Systems,"Docker, Angular, JavaScript, Node.js",Monitors systems for vulnerabilities and implements security measures.
Cybersecurity Analyst,Information Security Analyst,BEng in Computer Engineering,"Excel, AWS, Linux",Monitors systems for vulnerabilities and implements security measures.
Cybersecurity Analyst,Information Security Analyst,BSc in Information Systems,"Kubernetes, HTML, Node.js",Monitors systems for vulnerabilities and implements security measures.
Cybersecurity Analyst,SOC Analyst,Diploma in Software Engineering,"JavaScript, C#, AWS",Monitors systems for vulnerabilities and implements security measures.
Cybersecurity Analyst,SOC Analyst,BEng in Computer Engineering,"HTML, SQL, Java",Monitors systems for vulnerabilities and implements security measures.
Cybersecurity Analyst,Information Security Analyst,BSc in Information Systems,"Docker, JavaScript, Python",Monitors systems for vulnerabilities and implements security measures.
Cybersecurity Analyst,SOC Analyst,Diploma in Software Engineering,"Linux, Java, Python",Monitors systems for vulnerabilities and implements security measures.
Cybersecurity Analyst,Information Security Analyst,BSc in Computer Science,"Angular, Kubernetes, Python",Monitors systems for vulnerabilities and implements security measures.
Cybersecurity Analyst,Information Security Analyst,BEng in Computer Engineering,"Kubernetes, HTML, Node.js",Monitors systems for vulnerabilities and implements security measures.
Cybersecurity Analyst,SOC Analyst,BSc in Information Systems,"SQL, React, CSS",Monitors systems for vulnerabilities and implements security measures.
Cybersecurity Analyst,SOC Analyst,BSc in Information Systems,"JavaScript, SQL, Power BI",Monitors systems for vulnerabilities and implements security measures.
Cybersecurity Analyst,SOC Analyst,Diploma in Software Engineering,"HTML, SQL, Java",Monitors systems for vulnerabilities and implements security measures.
Cybersecurity Analyst,Information Security Analyst,HND in IT,"Docker, React, SQL",Monitors systems for vulnerabilities and implements security measures.
Data Analyst,Junior Data Analyst,HND in IT,"Node.js, Angular, AWS",Analyzes data sets to derive actionable insights using BI tools and SQL.
Data Analyst,Data Visualization Expert,BSc in Computer Science,"SQL, Node.js, Docker",Analyzes data sets to derive actionable insights using BI tools and SQL.
Data Analyst,Business Intelligence Analyst,HND in IT,"C#, AWS, Power BI",Analyzes data sets to derive actionable insights using BI tools and SQL.
Data Analyst,Data Visualization Expert,Diploma in Software Engineering,"AWS, CSS, Angular",Analyzes data sets to derive actionable insights using BI tools and SQL.
Data Analyst,Data Visualization Expert,BEng in Computer Engineering,"AWS, CSS, Angular",Analyzes data sets to derive actionable insights using BI tools and SQL.
Data Analyst,Data Visualization Expert,BSc in Information Systems,"Linux, Excel, React",Analyzes data sets to derive actionable insights using BI tools and SQL.
Data Analyst,Junior Data Analyst,BSc in Computer Science,"C#, Kubernetes, Python",Analyzes data sets to derive actionable insights using BI tools and SQL.
Data Analyst,Junior Data Analyst,BSc in Information Systems,"Linux, Angular, CSS",Analyzes data sets to derive actionable insights using BI tools and SQL.
Data Analyst,Data Visualization Expert,BSc in Information Systems,"HTML, Node.js, C#",Analyzes data sets to derive actionable insights using BI tools and SQL.
Data Analyst,Data Visualization Expert,Diploma in Software Engineering,"SQL, Node.js, Docker",Analyzes data sets to derive actionable insights using BI tools and SQL.
Data Analyst,Junior Data Analyst,BSc in Information Systems,"Node.js, Angular, AWS",Analyzes data sets to derive actionable insights using BI tools and SQL.
Data Analyst,Business Intelligence Analyst,BSc in Computer Science,"Power BI, Excel, AWS",Analyzes data sets to derive actionable insights using BI tools and SQL.
Data Analyst,Data Visualization Expert,BSc in Computer Science,"HTML, Node.js, C#",Analyzes data sets to derive actionable insights using BI tools and SQL.
Data Analyst,Junior Data Analyst,BSc in Information Systems,"C#, Kubernetes, Python",Analyzes data sets to derive actionable insights using BI tools and SQL.
Data Analyst,Business Intelligence Analyst,Diploma in Software Engineering,"CSS, Excel, Linux",Analyzes data sets to derive actionable insights using BI tools and SQL.
Data Analyst,Data Visualization Expert,Diploma in Software Engineering,"Angular, JavaScript, AWS",Analyzes data sets to derive actionable insights using BI tools and SQL.
Data Analyst,Business Intelligence Analyst,BSc in Information Systems,"React, JavaScript, CSS",Analyzes data sets to derive actionable insights using BI tools and SQL.
Data Analyst,Business Intelligence Analyst,BSc in Information Systems,"React, JavaScript, CSS",Analyzes data sets to derive actionable insights using BI tools and SQL.
Data Analyst,Junior Data Analyst,BSc in Computer Science,"Linux, Angular, CSS",Analyzes data sets to derive actionable insights using BI tools and SQL.
Data Analyst,Junior Data Analyst,Diploma in Software Engineering,"SQL, Docker, React",Analyzes data sets to derive actionable insights using BI tools and SQL.
Data Analyst,Data Visualization Expert,Diploma in Software Engineering,"Linux, Excel, React",Analyzes data sets to derive actionable insights using BI tools and SQL.
Data Analyst,Data Visualization Expert,BSc in Information Systems,"Angular, JavaScript, AWS",Analyzes data sets to derive actionable insights using BI tools and SQL.
Data Analyst,Business Intelligence Analyst,BSc in Information Systems,"C#, AWS, Power BI",Analyzes data sets to derive actionable insights using BI tools and SQL.
Data Analyst,Data Visualization Expert,BSc in Computer Science,"Linux, Docker, Python",Analyzes data sets to derive actionable insights using BI tools and SQL.
Data Analyst,Junior Data Analyst,Diploma in Software Engineering,"SQL, Docker, React",Analyzes data sets to derive actionable insights using BI tools and SQL.
Data Analyst,Data Visualization Expert,BSc in Computer Science,"Linux, Docker, Python",Analyzes data sets to derive actionable insights using BI tools and SQL.
Data Analyst,Business Intelligence Analyst,BSc in Computer Science,"Power BI, Excel, AWS",Analyzes data sets to derive actionable insights using BI tools and SQL.
Data Analyst,Business Intelligence Analyst,BSc in Computer Science,"CSS, Excel, Linux",Analyzes data sets to derive actionable insights using BI tools and SQL.
DevOps Engineer,CI/CD Engineer,BSc in Information Systems,"SQL, Java, Linux",Manages deployment pipelines and infrastructure automation.
DevOps Engineer,Cloud Infrastructure Engineer,BSc in Computer Science,"Angular, Node.js, HTML",Manages deployment pipelines and infrastructure automation.
DevOps Engineer,CI/CD Engineer,HND in IT,"C#, Linux, Java",Manages deployment pipelines and infrastructure automation.
DevOps Engineer,Cloud Infrastructure Engineer,BEng in Computer Engineering,"Node.js, Java, JavaScript",Manages deployment pipelines and infrastructure automation.
DevOps Engineer,CI/CD Engineer,BEng in Computer Engineering,"C#, Linux, Java",Manages deployment pipelines and infrastructure automation.
DevOps Engineer,CI/CD Engineer,HND in IT,"AWS, Python, Excel",Manages deployment pipelines and infrastructure automation.
DevOps Engineer,CI/CD Engineer,Diploma in Software Engineering,"SQL, Angular, React",Manages deployment pipelines and infrastructure automation.
DevOps Engineer,CI/CD Engineer,BSc in Computer Science,"Power BI, Angular, AWS",Manages deployment pipelines and infrastructure automation.
DevOps Engineer,CI/CD Engineer,BSc in Computer Science,"C#, Linux, Java",Manages deployment pipelines and infrastructure automation.
DevOps Engineer,CI/CD Engineer,Diploma in Software Engineering,"Kubernetes, React, Power BI",Manages deployment pipelines and infrastructure automation.
DevOps Engineer,Cloud Infrastructure Engineer,Diploma in Software Engineering,"Excel, Power BI, AWS",Manages deployment pipelines and infrastructure automation.
DevOps Engineer,Cloud Infrastructure Engineer,BSc in Computer Science,"Kubernetes, SQL, Linux, AWS",Manages deployment pipelines and infrastructure automation.
DevOps Engineer,Cloud Infrastructure Engineer,HND in IT,"Node.js, Linux, SQL",Manages deployment pipelines and infrastructure automation.
DevOps Engineer,Cloud Infrastructure Engineer,BEng in Computer Engineering,"Java, Power BI, JavaScript",Manages deployment pipelines and infrastructure automation.
DevOps Engineer,Cloud Infrastructure Engineer,BSc in Computer Science,"JavaScript, Power BI, Docker",Manages deployment pipelines and infrastructure automation.
DevOps Engineer,Cloud Infrastructure Engineer,BEng in Computer Engineering,"Excel, Power BI, AWS",Manages deployment pipelines and infrastructure automation.
DevOps Engineer,Cloud Infrastructure Engineer,Diploma in Software Engineering,"Angular, Node.js, HTML",Manages deployment pipelines and infrastructure automation.
DevOps Engineer,Cloud Infrastructure Engineer,BSc in Computer Science,"AWS, Power BI, Java, C#",Manages deployment pipelines and infrastructure automation.
DevOps Engineer,CI/CD Engineer,HND in IT,"Power BI, Angular, AWS",Manages deployment pipelines and infrastructure automation.
DevOps Engineer,Cloud Infrastructure Engineer,Diploma in Software Engineering,"Kubernetes, SQL, Linux, AWS",Manages deployment pipelines and infrastructure automation.
DevOps Engineer,CI/CD Engineer,BEng in Computer Engineering,"Excel, Kubernetes, C#",Manages deployment pipelines and infrastructure automation.
DevOps Engineer,Cloud Infrastructure Engineer,Diploma in Software Engineering,"Node.js, Linux, SQL",Manages deployment pipelines and infrastructure automation.
DevOps Engineer,CI/CD Engineer,BSc in Computer Science,"AWS, Python, Excel",Manages deployment pipelines and infrastructure automation.
DevOps Engineer,CI/CD Engineer,BSc in Information Systems,"SQL, Java, Linux",Manages deployment pipelines and infrastructure automation.
DevOps Engineer,CI/CD Engineer,Diploma in Software Engineering,"Excel, Kubernetes, C#",Manages deployment pipelines and infrastructure automation.
DevOps Engineer,CI/CD Engineer,BSc in Computer Science,"Kubernetes, Excel, HTML",Manages deployment pipelines and infrastructure automation.
DevOps Engineer,Cloud Infrastructure Engineer,Diploma in Software Engineering,"JavaScript, Power BI, Docker",Manages deployment pipelines and infrastructure automation.
DevOps Engineer,Cloud Infrastructure Engineer,HND in IT,"Docker, Python, Power BI, Kubernetes",Manages deployment pipelines and infrastructure automation.
DevOps Engineer,CI/CD Engineer,HND in IT,"Kubernetes, React, Power BI",Manages deployment pipelines and infrastructure automation.
DevOps Engineer,Cloud Infrastructure Engineer,HND in IT,"Docker, Linux, JavaScript",Manages deployment pipelines and infrastructure automation.
DevOps Engineer,CI/CD Engineer,Diploma in Software Engineering,"Kubernetes, Excel, HTML",Manages deployment pipelines and infrastructure automation.
DevOps Engineer,Cloud Infrastructure Engineer,HND in IT,"Docker, Linux, JavaScript",Manages deployment pipelines and infrastructure automation.
DevOps Engineer,CI/CD Engineer,BSc in Information Systems,"Angular, HTML, Java",Manages deployment pipelines and infrastructure automation.
DevOps Engineer,Cloud Infrastructure Engineer,Diploma in Software Engineering,"Docker, Python, Power BI, Kubernetes",Manages deployment pipelines and infrastructure automation.
DevOps Engineer,Cloud Infrastructure Engineer,BSc in Information Systems,"Java, Power BI, JavaScript",Manages deployment pipelines and infrastructure automation.
DevOps Engineer,CI/CD Engineer,BEng in Computer Engineering,"CSS, Node.js, Docker",Manages deployment pipelines and infrastructure automation.
DevOps Engineer,Cloud Infrastructure Engineer,BSc in Computer Science,"Node.js, Java, JavaScript",Manages deployment pipelines and infrastructure automation.
DevOps Engineer,Cloud Infrastructure Engineer,BEng in Computer Engineering,"AWS, Power BI, Java, C#",Manages deployment pipelines and infrastructure automation.
DevOps Engineer,CI/CD Engineer,BSc in Information Systems,"CSS, Node.js, Docker",Manages deployment pipelines and infrastructure automation.
DevOps Engineer,CI/CD Engineer,HND in IT,"SQL, Angular, React",Manages deployment pipelines and infrastructure automation.
DevOps Engineer,CI/CD Engineer,BEng in Computer Engineering,"Angular, HTML, Java",Manages deployment pipelines and infrastructure automation.
IT Support Specialist,Technical Support Engineer,HND in IT,"SQL, Python, Angular",Provides technical assistance and support for hardware and software.
IT Support Specialist,Help Desk Technician,BSc in Computer Science,"Linux, Kubernetes, SQL, Node.js",Provides technical assistance and support for hardware and software.
IT Support Specialist,Help Desk Technician,HND in IT,"Node.js, Linux, CSS",Provides technical assistance and support for hardware and software.
IT Support Specialist,Technical Support Engineer,BSc in Computer Science,"JavaScript, React, Angular",Provides technical assistance and support for hardware and software.
IT Support Specialist,Help Desk Technician,HND in IT,"Kubernetes, JavaScript, Python",Provides technical assistance and support for hardware and software.
IT Support Specialist,Technical Support Engineer,HND in IT,"HTML, Excel, Docker",Provides technical assistance and support for hardware and software.
IT Support Specialist,Technical Support Engineer,BEng in Computer Engineering,"JavaScript, React, Angular",Provides technical assistance and support for hardware and software.
IT Support Specialist,Technical Support Engineer,HND in IT,"SQL, HTML, Java",Provides technical assistance and support for hardware and software.
IT Support Specialist,Help Desk Technician,HND in IT,"HTML, CSS, JavaScript",Provides technical assistance and support for hardware and software.
IT Support Specialist,Technical Support Engineer,BSc in Information Systems,"SQL, Kubernetes, Python",Provides technical assistance and support for hardware and software.
IT Support Specialist,Technical Support Engineer,Diploma in Software Engineering,"CSS, C#, Node.js",Provides technical assistance and support for hardware and software.
IT Support Specialist,Help Desk Technician,Diploma in Software Engineering,"React, Docker, Kubernetes",Provides technical assistance and support for hardware and software.
IT Support Specialist,Technical Support Engineer,BSc in Information Systems,"SQL, Kubernetes, Python",Provides technical assistance and support for hardware and software.
IT Support Specialist,Technical Support Engineer,HND in IT,"JavaScript, SQL, Linux",Provides technical assistance and support for hardware and software.
IT Support Specialist,Help Desk Technician,HND in IT,"React, Java, Angular",Provides technical assistance and support for hardware and software.
IT Support Specialist,Technical Support Engineer,HND in IT,"C#, Python, Angular",Provides technical assistance and support for hardware and software.
IT Support Specialist,Help Desk Technician,BSc in Computer Science,"Node.js, React, HTML",Provides technical assistance and support for hardware and software.
IT Support Specialist,Help Desk Technician,BEng in Computer Engineering,"Java, Power BI, C#",Provides technical assistance and support for hardware and software.
IT Support Specialist,Technical Support Engineer,BEng in Computer Engineering,"React, Linux, Power BI",Provides technical assistance and support for hardware and software.
IT Support Specialist,Technical Support Engineer,BSc in Information Systems,"Angular, React, HTML",Provides technical assistance and support for hardware and software.
IT Support Specialist,Help Desk Technician,HND in IT,"HTML, React, CSS",Provides technical assistance and support for hardware and software.
IT Support Specialist,Technical Support Engineer,BEng in Computer Engineering,"React, Linux, Power BI",Provides technical assistance and support for hardware and software.
IT Support Specialist,Help Desk Technician,BSc in Information Systems,"React, Java, Angular",Provides technical assistance and support for hardware and software.
IT Support Specialist,Help Desk Technician,BEng in Computer Engineering,"Kubernetes, JavaScript, Python",Provides technical assistance and support for hardware and software.
IT Support Specialist,Help Desk Technician,HND in IT,"React, Docker, Kubernetes",Provides technical assistance and support for hardware and software.
IT Support Specialist,Help Desk Technician,HND in IT,"HTML, React, CSS",Provides technical assistance and support for hardware and software.
IT Support Specialist,Help Desk Technician,BSc in Information Systems,"Linux, Kubernetes, SQL, Node.js",Provides technical assistance and support for hardware and software.
IT Support Specialist,Technical Support Engineer,HND in IT,"C#, Python, Angular",Provides technical assistance and support for hardware and software.
IT Support Specialist,Help Desk Technician,Diploma in Software Engineering,"React, SQL, Java",Provides technical assistance and support for hardware and software.
IT Support Specialist,Help Desk Technician,Diploma in Software Engineering,"Java, Excel, CSS",Provides technical assistance and support for hardware and software.
IT Support Specialist,Help Desk Technician,BSc in Computer Science,"Node.js, React, HTML",Provides technical assistance and support for hardware and software.
IT Support Specialist,Technical Support Engineer,BSc in Computer Science,"HTML, Excel, Docker",Provides technical assistance and support for hardware and software.
IT Support Specialist,Help Desk Technician,BEng in Computer Engineering,"React, Power BI, Java",Provides technical assistance and support for hardware and software.
IT Support Specialist,Help Desk Technician,BSc in Computer Science,"React, Power BI, Java",Provides technical assistance and support for hardware and software.
IT Support Specialist,Technical Support Engineer,BSc in Computer Science,"JavaScript, SQL, Linux",Provides technical assistance and support for hardware and software.
IT Support Specialist,Help Desk Technician,BSc in Information Systems,"Java, Power BI, C#",Provides technical assistance and support for hardware and software.
IT Support Specialist,Technical Support Engineer,BEng in Computer Engineering,"SQL, Python, Angular",Provides technical assistance and support for hardware and software.
IT Support Specialist,Help Desk Technician,BSc in Information Systems,"HTML, CSS, JavaScript",Provides technical assistance and support for hardware and software.
IT Support Specialist,Technical Support Engineer,BSc in Computer Science,"CSS, C#, Node.js",Provides technical assistance and support for hardware and software.
IT Support Specialist,Help Desk Technician,BSc in Information Systems,"Java, Excel, CSS",Provides technical assistance and support for hardware and software.
IT Support Specialist,Technical Support Engineer,BEng in Computer Engineering,"Angular, React, HTML",Provides technical assistance and support for hardware and software.
IT Support Specialist,Help Desk Technician,Diploma in Software Engineering,"Node.js, Linux, CSS",Provides technical assistance and support for hardware and software.
IT Support Specialist,Help Desk Technician,BSc in Computer Science,"CSS, Python, React",Provides technical assistance and support for hardware and software.
IT Support Specialist,Technical Support Engineer,HND in IT,"SQL, HTML, Java",Provides technical assistance and support for hardware and software.
IT Support Specialist,Help Desk Technician,BSc in Computer Science,"CSS, Python, React",Provides technical assistance and support for hardware and software.
IT Support Specialist,Help Desk Technician,BSc in Information Systems,"HTML, JavaScript, Node.js",Provides technical assistance and support for hardware and software.
IT Support Specialist,Help Desk Technician,Diploma in Software Engineering,"HTML, JavaScript, Node.js",Provides technical assistance and support for hardware and software.
IT Support Specialist,Help Desk Technician,Diploma in Software Engineering,"React, SQL, Java",Provides technical assistance and support for hardware and software.
Machine Learning Engineer,AI Engineer,HND in IT,"SQL, CSS, HTML",Designs models and algorithms to solve real-world problems using data.
Machine Learning Engineer,AI Engineer,BSc in Information Systems,"HTML, Java, Linux",Designs models and algorithms to solve real-world problems using data.
Machine Learning Engineer,NLP Engineer,BEng in Computer Engineering,"Docker, Kubernetes, Power BI",Designs models and algorithms to solve real-world problems using data.
Machine Learning Engineer,AI Engineer,HND in IT,"Python, Linux, HTML",Designs models and algorithms to solve real-world problems using data.
Machine Learning Engineer,NLP Engineer,BSc in Information Systems,"JavaScript, Power BI, Java",Designs models and algorithms to solve real-world problems using data.
Machine Learning Engineer,AI Engineer,BEng in Computer Engineering,"SQL, CSS, HTML",Designs models and algorithms to solve real-world problems using data.
Machine Learning Engineer,AI Engineer,BSc in Computer Science,"Docker, JavaScript, Node.js",Designs models and algorithms to solve real-world problems using data.
Machine Learning Engineer,AI Engineer,HND in IT,"Docker, SQL, Java",Designs models and algorithms to solve real-world problems using data.
Machine Learning Engineer,AI Engineer,BEng in Computer Engineering,"Excel, React, SQL",Designs models and algorithms to solve real-world problems using data.
Machine Learning Engineer,NLP Engineer,BEng in Computer Engineering,"SQL, React, Java",Designs models and algorithms to solve real-world problems using data.
Machine Learning Engineer,AI Engineer,BEng in Computer Engineering,"Docker, HTML, Java",Designs models and algorithms to solve real-world problems using data.
Machine Learning Engineer,NLP Engineer,Diploma in Software Engineering,"Kubernetes, Node.js, Angular",Designs models and algorithms to solve real-world problems using data.
Machine Learning Engineer,NLP Engineer,Diploma in Software Engineering,"JavaScript, Power BI, Java",Designs models and algorithms to solve real-world problems using data.
Machine Learning Engineer,NLP Engineer,BSc in Computer Science,"Java, HTML, AWS",Designs models and algorithms to solve real-world problems using data.
Machine Learning Engineer,NLP Engineer,HND in IT,"C#, CSS, Docker, Node.js",Designs models and algorithms to solve real-world problems using data.
Machine Learning Engineer,AI Engineer,HND in IT,"HTML, React, Java",Designs models and algorithms to solve real-world problems using data.
Machine Learning Engineer,AI Engineer,Diploma in Software Engineering,"JavaScript, Java, React, HTML",Designs models and algorithms to solve real-world problems using data.
Machine Learning Engineer,NLP Engineer,BEng in Computer Engineering,"AWS, SQL, C#",Designs models and algorithms to solve real-world problems using data.
Machine Learning Engineer,AI Engineer,BEng in Computer Engineering,"Kubernetes, React, Angular",Designs models and algorithms to solve real-world problems using data.
Machine Learning Engineer,AI Engineer,BEng in Computer Engineering,"React, HTML, Node.js",Designs models and algorithms to solve real-world problems using data.
Machine Learning Engineer,NLP Engineer,BEng in Computer Engineering,"Kubernetes, Node.js, Angular",Designs models and algorithms to solve real-world problems using data.
Machine Learning Engineer,NLP Engineer,Diploma in Software Engineering,"SQL, React, Java",Designs models and algorithms to solve real-world problems using data.
Machine Learning Engineer,NLP Engineer,BSc in Information Systems,"AWS, Python, Excel",Designs models and algorithms to solve real-world problems using data.
Machine Learning Engineer,AI Engineer,BSc in Information Systems,"Docker, JavaScript, Node.js",Designs models and algorithms to solve real-world problems using data.
Machine Learning Engineer,NLP Engineer,BSc in Computer Science,"Docker, Kubernetes, Power BI",Designs models and algorithms to solve real-world problems using data.
Machine Learning Engineer,AI Engineer,BEng in Computer Engineering,"AWS, CSS, Kubernetes",Designs models and algorithms to solve real-world problems using data.
Machine Learning Engineer,AI Engineer,BSc in Information Systems,"Kubernetes, React, Angular",Designs models and algorithms to solve real-world problems using data.
Machine Learning Engineer,AI Engineer,HND in IT,"React, HTML, Node.js",Designs models and algorithms to solve real-world problems using data.
Machine Learning Engineer,AI Engineer,HND in IT,"HTML, C#, Python, Kubernetes",Designs models and algorithms to solve real-world problems using data.
Machine Learning Engineer,AI Engineer,BSc in Computer Science,"Python, C#, Docker",Designs models and algorithms to solve real-world problems using data.
Machine Learning Engineer,AI Engineer,BEng in Computer Engineering,"HTML, Java, Linux",Designs models and algorithms to solve real-world problems using data.
Machine Learning Engineer,AI Engineer,Diploma in Software Engineering,"Python, C#, Docker",Designs models and algorithms to solve real-world problems using data.
Machine Learning Engineer,AI Engineer,BSc in Information Systems,"C#, Power BI, SQL",Designs models and algorithms to solve real-world problems using data.
Machine Learning Engineer,AI Engineer,HND in IT,"Docker, SQL, Java",Designs models and algorithms to solve real-world problems using data.
Machine Learning Engineer,NLP Engineer,HND in IT,"AWS, Python, Excel",Designs models and algorithms to solve real-world problems using data.
Machine Learning Engineer,NLP Engineer,BSc in Information Systems,"C#, CSS, Docker, Node.js",Designs models and algorithms to solve real-world problems using data.
Machine Learning Engineer,AI Engineer,BSc in Computer Science,"HTML, C#, Python, Kubernetes",Designs models and algorithms to solve real-world problems using data.
Machine Learning Engineer,AI Engineer,Diploma in Software Engineering,"HTML, React, Java",Designs models and algorithms to solve real-world problems using data.
Machine Learning Engineer,AI Engineer,BSc in Information Systems,"Python, Linux, HTML",Designs models and algorithms to solve real-world problems using data.
Machine Learning Engineer,AI Engineer,BSc in Computer Science,"Docker, HTML, Java",Designs models and algorithms to solve real-world problems using data.
Machine Learning Engineer,AI Engineer,BEng in Computer Engineering,"HTML, Java, Node.js",Designs models and algorithms to solve real-world problems using data.
Machine Learning Engineer,AI Engineer,HND in IT,"Excel, React, SQL",Designs models and algorithms to solve real-world problems using data.
Machine Learning Engineer,NLP Engineer,Diploma in Software Engineering,"AWS, SQL, C#",Designs models and algorithms to solve real-world problems using data.
Machine Learning Engineer,NLP Engineer,BEng in Computer Engineering,"Java, HTML, AWS",Designs models and algorithms to solve real-world problems using data.
Machine Learning Engineer,AI Engineer,Diploma in Software Engineering,"AWS, CSS, Kubernetes",Designs models and algorithms to solve real-world problems using data.
Machine Learning Engineer,NLP Engineer,BEng in Computer Engineering,"Kubernetes, Node.js, Angular",Designs models and algorithms to solve real-world problems using data.
Machine Learning Engineer,AI Engineer,BSc in Information Systems,"HTML, Java, Node.js",Designs models and algorithms to solve real-world problems using data.
Machine Learning Engineer,AI Engineer,BSc in Information Systems,"AWS, CSS, Kubernetes",Designs models and algorithms to solve real-world problems using data.
Machine Learning Engineer,AI Engineer,BEng in Computer Engineering,"C#, Power BI, SQL",Designs models and algorithms to solve real-world problems using data.
Machine Learning Engineer,AI Engineer,BSc in Computer Science,"JavaScript, Java, React, HTML",Designs models and algorithms to solve real-world problems using data.
Mobile App Developer,Android Developer,BEng in Computer Engineering,"AWS, Power BI, Python",Develops and tests mobile applications for Android and iOS platforms.
Mobile App Developer,iOS Developer,HND in IT,"Docker, Python, AWS",Develops and tests mobile applications for Android and iOS platforms.
Mobile App Developer,iOS Developer,HND in IT,"Linux, Java, Python, Kubernetes",Develops and tests mobile applications for Android and iOS platforms.
Mobile App Developer,Flutter Developer,BSc in Computer Science,"CSS, Node.js, JavaScript",Develops and tests mobile applications for Android and iOS platforms.
Mobile App Developer,Android Developer,BEng in Computer Engineering,"Kubernetes, Python, Power BI",Develops and tests mobile applications for Android and iOS platforms.
Mobile App Developer,iOS Developer,HND in IT,"AWS, JavaScript, C#",Develops and tests mobile applications for Android and iOS platforms.
Mobile App Developer,Flutter Developer,HND in IT,"Java, HTML, Docker",Develops and tests mobile applications for Android and iOS platforms.
Mobile App Developer,Android Developer,BSc in Computer Science,"Linux, Java, Angular",Develops and tests mobile applications for Android and iOS platforms.
Mobile App Developer,Android Developer,BSc in Computer Science,"JavaScript, SQL, C#",Develops and tests mobile applications for Android and iOS platforms.
Mobile App Developer,iOS Developer,HND in IT,"Docker, Python, AWS",Develops and tests mobile applications for Android and iOS platforms.
Mobile App Developer,iOS Developer,BSc in Information Systems,"Excel, HTML, React, Python",Develops and tests mobile applications for Android and iOS platforms.
Mobile App Developer,Android Developer,Diploma in Software Engineering,"Kubernetes, Python, Power BI",Develops and tests mobile applications for Android and iOS platforms.
Mobile App Developer,Flutter Developer,Diploma in Software Engineering,"Angular, Kubernetes, JavaScript",Develops and tests mobile applications for Android and iOS platforms.
Mobile App Developer,Android Developer,Diploma in Software Engineering,"HTML, Docker, SQL, Node.js",Develops and tests mobile applications for Android and iOS platforms.
Mobile App Developer,iOS Developer,Diploma in Software Engineering,"Linux, Java, Python, Kubernetes",Develops and tests mobile applications for Android and iOS platforms.
Mobile App Developer,Flutter Developer,BEng in Computer Engineering,"SQL, HTML, JavaScript",Develops and tests mobile applications for Android and iOS platforms.
Mobile App Developer,Android Developer,Diploma in Software Engineering,"JavaScript, SQL, C#",Develops and tests mobile applications for Android and iOS platforms.
Mobile App Developer,iOS Developer,BEng in Computer Engineering,"SQL, Kubernetes, Node.js",Develops and tests mobile applications for Android and iOS platforms.
Mobile App Developer,iOS Developer,Diploma in Software Engineering,"AWS, JavaScript, C#",Develops and tests mobile applications for Android and iOS platforms.
Mobile App Developer,iOS Developer,BSc in Information Systems,"Node.js, Docker, Linux",Develops and tests mobile applications for Android and iOS platforms.
Mobile App Developer,Flutter Developer,BEng in Computer Engineering,"Angular, Kubernetes, JavaScript",Develops and tests mobile applications for Android and iOS platforms.
Mobile App Developer,Flutter Developer,HND in IT,"SQL, HTML, JavaScript",Develops and tests mobile applications for Android and iOS platforms.
Mobile App Developer,Flutter Developer,BEng in Computer Engineering,"Java, HTML, Docker",Develops and tests mobile applications for Android and iOS platforms.
Mobile App Developer,iOS Developer,BSc in Computer Science,"Excel, HTML, React, Python",Develops and tests mobile applications for Android and iOS platforms.
Mobile App Developer,Android Developer,BEng in Computer Engineering,"AWS, Power BI, Python",Develops and tests mobile applications for Android and iOS platforms.
Mobile App Developer,Flutter Developer,BSc in Computer Science,"CSS, Node.js, JavaScript",Develops and tests mobile applications for Android and iOS platforms.
Mobile App Developer,Android Developer,BEng in Computer Engineering,"Linux, Java, Angular",Develops and tests mobile applications for Android and iOS platforms.
Mobile App Developer,iOS Developer,BSc in Computer Science,"SQL, Kubernetes, Node.js",Develops and tests mobile applications for Android and iOS platforms.
Mobile App Developer,Android Developer,HND in IT,"HTML, Docker, SQL, Node.js",Develops and tests mobile applications for Android and iOS platforms.
Mobile App Developer,iOS Developer,HND in IT,"Node.js, Docker, Linux",Develops and tests mobile applications for Android and iOS platforms.
Network Administrator,Network Engineer,BSc in Information Systems,"CSS, Python, Node.js, React","Manages internal networks, ensuring uptime and security of systems."
Network Administrator,Infrastructure Support,HND in IT,"Excel, JavaScript, SQL","Manages internal networks, ensuring uptime and security of systems."
Network Administrator,Network Engineer,Diploma in Software Engineering,"Linux, Python, Angular","Manages internal networks, ensuring uptime and security of systems."
Network Administrator,Infrastructure Support,BSc in Information Systems,"React, Power BI, AWS","Manages internal networks, ensuring uptime and security of systems."
Network Administrator,System Administrator,BSc in Information Systems,"Linux, Excel, Docker","Manages internal networks, ensuring uptime and security of systems."
Network Administrator,Network Engineer,HND in IT,"Java, Linux, Python, JavaScript","Manages internal networks, ensuring uptime and security of systems."
Network Administrator,Infrastructure Support,BSc in Information Systems,"Linux, C#, Power BI","Manages internal networks, ensuring uptime and security of systems."
Network Administrator,System Administrator,BSc in Information Systems,"Docker, React, Angular","Manages internal networks, ensuring uptime and security of systems."
Network Administrator,System Administrator,BSc in Computer Science,"AWS, C#, Excel","Manages internal networks, ensuring uptime and security of systems."
Network Administrator,Infrastructure Support,HND in IT,"Linux, C#, Power BI","Manages internal networks, ensuring uptime and security of systems."
Network Administrator,Network Engineer,BEng in Computer Engineering,"CSS, Python, Node.js, React","Manages internal networks, ensuring uptime and security of systems."
Network Administrator,Network Engineer,HND in IT,"React, C#, Excel","Manages internal networks, ensuring uptime and security of systems."
Network Administrator,Network Engineer,HND in IT,"Linux, Python, Angular","Manages internal networks, ensuring uptime and security of systems."
Network Administrator,Network Engineer,BSc in Information Systems,"C#, Angular, Node.js","Manages internal networks, ensuring uptime and security of systems."
Network Administrator,Infrastructure Support,BEng in Computer Engineering,"React, Power BI, AWS","Manages internal networks, ensuring uptime and security of systems."
Network Administrator,System Administrator,BEng in Computer Engineering,"Docker, React, Angular","Manages internal networks, ensuring uptime and security of systems."
Network Administrator,System Administrator,BSc in Computer Science,"Linux, Excel, Docker","Manages internal networks, ensuring uptime and security of systems."
Network Administrator,Network Engineer,Diploma in Software Engineering,"Java, Linux, Python, JavaScript","Manages internal networks, ensuring uptime and security of systems."
Network Administrator,System Administrator,Diploma in Software Engineering,"AWS, C#, Excel","Manages internal networks, ensuring uptime and security of systems."
Network Administrator,Network Engineer,BSc in Information Systems,"C#, Angular, Node.js","Manages internal networks, ensuring uptime and security of systems."
Network Administrator,Infrastructure Support,HND in IT,"Excel, JavaScript, SQL","Manages internal networks, ensuring uptime and security of systems."
Network Administrator,Network Engineer,BEng in Computer Engineering,"React, C#, Excel","Manages internal networks, ensuring uptime and security of systems."
Software Engineer,Frontend Developer,BSc in Computer Science,"CSS, Linux, HTML","Responsible for designing, developing, and maintaining software applications."
Software Engineer,Full Stack Engineer,BEng in Computer Engineering,"Power BI, Docker, Kubernetes","Responsible for designing, developing, and maintaining software applications."
Software Engineer,Backend Developer,BEng in Computer Engineering,"Excel, C#, React","Responsible for designing, developing, and maintaining software applications."
Software Engineer,Full Stack Engineer,Diploma in Software Engineering,"AWS, Excel, SQL","Responsible for designing, developing, and maintaining software applications."
Software Engineer,Frontend Developer,BEng in Computer Engineering,"SQL, Java, Docker","Responsible for designing, developing, and maintaining software applications."
Software Engineer,Full Stack Engineer,BSc in Information Systems,"Power BI, Docker, Kubernetes","Responsible for designing, developing, and maintaining software applications."
Software Engineer,Full Stack Engineer,Diploma in Software Engineering,"Kubernetes, Docker, HTML","Responsible for designing, developing, and maintaining software applications."
Software Engineer,Backend Developer,BSc in Information Systems,"AWS, Node.js, CSS","Responsible for designing, developing, and maintaining software applications."
Software Engineer,Backend Developer,HND in IT,"SQL, Kubernetes, CSS","Responsible for designing, developing, and maintaining software applications."
Software Engineer,Full Stack Engineer,BSc in Information Systems,"AWS, Excel, SQL","Responsible for designing, developing, and maintaining software applications."
Software Engineer,Backend Developer,BEng in Computer Engineering,"SQL, Kubernetes, CSS","Responsible for designing, developing, and maintaining software applications."
Software Engineer,Backend Developer,HND in IT,"Angular, JavaScript, Node.js","Responsible for designing, developing, and maintaining software applications."
Software Engineer,Backend Developer,BEng in Computer Engineering,"Python, Linux, C#","Responsible for designing, developing, and maintaining software applications."
Software Engineer,Frontend Developer,HND in IT,"CSS, Linux, HTML","Responsible for designing, developing, and maintaining software applications."
Software Engineer,Frontend Developer,BEng in Computer Engineering,"SQL, JavaScript, Excel","Responsible for designing, developing, and maintaining software applications."
Software Engineer,Full Stack Engineer,BSc in Information Systems,"Kubernetes, Docker, HTML","Responsible for designing, developing, and maintaining software applications."
Software Engineer,Backend Developer,Diploma in Software Engineering,"Excel, C#, React","Responsible for designing, developing, and maintaining software applications."
Software Engineer,Full Stack Engineer,BSc in Computer Science,"React, Angular, Power BI","Responsible for designing, developing, and maintaining software applications."
Software Engineer,Frontend Developer,Diploma in Software Engineering,"AWS, Python, HTML","Responsible for designing, developing, and maintaining software applications."
Software Engineer,Full Stack Engineer,BSc in Computer Science,"React, Angular, Power BI","Responsible for designing, developing, and maintaining software applications."
Software Engineer,Backend Developer,HND in IT,"Python, Linux, C#","Responsible for designing, developing, and maintaining software applications."
Software Engineer,Frontend Developer,BSc in Information Systems,"SQL, Java, Docker","Responsible for designing, developing, and maintaining software applications."
Software Engineer,Backend Developer,BSc in Information Systems,"AWS, Node.js, CSS","Responsible for designing, developing, and maintaining software applications."
Software Engineer,Frontend Developer,HND in IT,"AWS, Python, HTML","Responsible for designing, developing, and maintaining software applications."
Software Engineer,Backend Developer,BEng in Computer Engineering,"Angular, JavaScript, Node.js","Responsible for designing, developing, and maintaining software applications."
Software Engineer,Full Stack Engineer,BSc in Information Systems,"Angular, Power BI, AWS","Responsible for designing, developing, and maintaining software applications."
Software Engineer,Frontend Developer,Diploma in Software Engineering,"SQL, JavaScript, Excel","Responsible for designing, developing, and maintaining software applications."
Software Engineer,Full Stack Engineer,HND in IT,"Angular, Power BI, AWS","Responsible for designing, developing, and maintaining software applications."
Web Developer,Web Designer,BSc in Computer Science,"JavaScript, AWS, Java",Builds responsive web applications with modern front-end technologies.
Web Developer,Web Designer,Diploma in Software Engineering,"Java, JavaScript, Kubernetes",Builds responsive web applications with modern front-end technologies.
Web Developer,Web Designer,BSc in Computer Science,"Linux, CSS, Angular",Builds responsive web applications with modern front-end technologies.
Web Developer,Web Designer,Diploma in Software Engineering,"HTML, C#, Linux",Builds responsive web applications with modern front-end technologies.
Web Developer,Web Designer,BEng in Computer Engineering,"JavaScript, React, AWS",Builds responsive web applications with modern front-end technologies.
Web Developer,Web Designer,BSc in Computer Science,"C#, Java, HTML",Builds responsive web applications with modern front-end technologies.
Web Developer,Web Designer,BEng in Computer Engineering,"C#, Java, HTML",Builds responsive web applications with modern front-end technologies.
Web Developer,Web Designer,Diploma in Software Engineering,"Java, JavaScript, Kubernetes",Builds responsive web applications with modern front-end technologies.
Web Developer,Web Designer,BSc in Information Systems,"JavaScript, AWS, Java",Builds responsive web applications with modern front-end technologies.
Web Developer,Web Designer,Diploma in Software Engineering,"Node.js, AWS, CSS, Power BI",Builds responsive web applications with modern front-end technologies.
Web Developer,Web Designer,BSc in Information Systems,"JavaScript, Angular, React",Builds responsive web applications with modern front-end technologies.
Web Developer,Web Designer,BSc in Information Systems,"Linux, AWS, CSS",Builds responsive web applications with modern front-end technologies.
Web Developer,Web Designer,BEng in Computer Engineering,"JavaScript, React, AWS",Builds responsive web applications with modern front-end technologies.
Web Developer,Web Designer,BEng in Computer Engineering,"Linux, AWS, CSS",Builds responsive web applications with modern front-end technologies.
Web Developer,Web Designer,BSc in Information Systems,"HTML, C#, Linux",Builds responsive web applications with modern front-end technologies.
Web Developer,Web Designer,BEng in Computer Engineering,"JavaScript, Angular, React",Builds responsive web applications with modern front-end technologies.
Web Developer,Web Designer,BSc in Information Systems,"Node.js, AWS, CSS, Power BI",Builds responsive web applications with modern front-end technologies.
Web Developer,Web Designer,HND in IT,"Linux, CSS, Angular",Builds responsive web applications with modern front-end technologies.
